http_status,time_total
200,0.009371
200,0.045878
200,0.075464
200,0.025821
200,0.030136
200,0.078121
200,0.027563
200,0.028354
200,0.080071
200,0.025919
200,0.029224
200,0.151124
200,0.036136
200,0.034945
200,0.146686
200,0.033454
200,0.036185
200,0.123741
200,0.032774
200,0.030679
200,0.039176
200,0.035111
200,0.031173
200,0.029635
200,0.040211
200,0.091283
200,0.036944
200,0.036542
200,0.080429
200,0.033754
200,0.033770
200,0.072808
200,0.033225
200,0.032699
200,0.034978
200,0.032614
200,0.088784
200,0.033795
200,0.033829
200,0.134416
200,0.037781
200,0.030510
200,0.144583
200,0.036832
200,0.029684
200,0.069488
200,0.034345
200,0.037786
200,0.031149
200,0.028956
200,0.080995
200,0.033353
200,0.032851
200,0.085858
200,0.031236
200,0.039703
200,0.102111
200,0.034888
200,0.094701
200,0.030553
200,0.033998
200,0.163528
200,0.036821
200,0.039718
200,0.084254
200,0.092192
200,0.030799
200,0.150124
200,0.031647
200,0.031565
200,0.071256
200,0.034147
200,0.035579
200,0.087868
200,0.037124
200,0.035717
200,0.035460
200,0.104153
200,0.028685
200,0.030712
200,0.038199
200,0.063382
200,0.047554
200,0.031309
200,0.040494
200,0.045869
200,0.065701
200,0.036519
200,0.042874
200,0.036116
200,0.042327
200,0.133272
200,0.037777
200,0.043688
200,0.131113
200,0.036114
200,0.042483
200,0.127588
200,0.044099
200,0.039862
200,0.037673
200,0.045331
200,0.036234
200,0.039137
200,0.071536
200,0.040642
200,0.039574
200,0.079020
200,0.037955
200,0.047428
200,0.035972
200,0.039540
200,0.090086
200,0.040033
200,0.041463
200,0.128170
200,0.039574
200,0.036162
200,0.047513
200,0.036263
200,0.113104
200,0.036927
200,0.040195
200,0.126930
200,0.038038
200,0.039448
200,0.133368
200,0.041620
200,0.045511
200,0.093902
200,0.068888
200,0.038166
200,0.037961
200,0.131963
200,0.041068
200,0.037820
200,0.045271
200,0.038588
200,0.028381
200,0.044320
200,0.034902
200,0.079981
200,0.044969
200,0.036591
200,0.123682
200,0.038415
200,0.042520
200,0.042434
200,0.037374
200,0.132549
200,0.041001
200,0.042997
200,0.132095
200,0.045700
200,0.036626
200,0.071518
200,0.037992
200,0.037544
200,0.039562
200,0.067508
200,0.124142
200,0.037515
200,0.039895
200,0.142752
200,0.039801
200,0.089916
200,0.043560
200,0.039029
200,0.079912
200,0.038542
200,0.038297
200,0.040376
200,0.036931
200,0.134314
200,0.040027
200,0.038336
200,0.136360
200,0.044095
200,0.048535
200,0.129851
200,0.041718
200,0.045158
200,0.040273
200,0.043256
200,0.132816
200,0.044948
200,0.039143
200,0.067488
200,0.044909
200,0.036748
200,0.036628
200,0.041200
200,0.062674
200,0.043410
200,0.045864
200,0.124640
200,0.043455
200,0.048931
200,0.072213
200,0.045043
200,0.041929
200,0.039650
200,0.039328
200,0.083147
200,0.043571
200,0.042102
200,0.129605
200,0.039136
200,0.040338
200,0.078954
200,0.044571
200,0.040989
200,0.041982
200,0.043242
200,0.051234
200,0.040442
200,0.067061
200,0.041640
200,0.029137
200,0.071465
200,0.041469
200,0.042303
200,0.039776
200,0.039934
200,0.095164
200,0.033088
200,0.042619
200,0.127360
200,0.049953
200,0.040886
200,0.064297
200,0.037775
200,0.082342
200,0.043167
200,0.040285
200,0.070800
200,0.045580
200,0.074667
200,0.046011
200,0.040410
200,0.044233
200,0.046272
200,0.131326
200,0.051755
200,0.048671
200,0.075443
200,0.046201
200,0.041286
200,0.043593
200,0.040906
200,0.068072
200,0.039835
200,0.041127
200,0.173646
200,0.044041
200,0.048396
200,0.045137
200,0.039963
200,0.131798
200,0.041385
200,0.049011
200,0.064406
200,0.042330
200,0.032156
200,0.048192
200,0.047028
200,0.087222
200,0.042652
200,0.040313
200,0.044269
200,0.045945
200,0.136056
200,0.038655
200,0.046088
200,0.127185
200,0.048612
200,0.037157
200,0.041707
200,0.042830
200,0.089660
200,0.045522
200,0.044091
200,0.079802
200,0.050376
200,0.037284
200,0.088210
200,0.039761
200,0.088028
200,0.037215
200,0.034564
200,0.191537
200,0.038218
200,0.060774
200,0.046422
200,0.046706
200,0.082975
200,0.044234
200,0.044869
200,0.147337
200,0.040395
200,0.049074
200,0.039175
200,0.041507
200,0.045993
200,0.036261
200,0.059390
200,0.044343
200,0.038227
200,0.040625
200,0.035520
200,0.041354
200,0.038716
200,0.040708
200,0.145538
200,0.031121
200,0.037513
200,0.074156
200,0.034342
200,0.038510
200,0.047240
200,0.035435
200,0.041187
200,0.035843
200,0.033826
200,0.169850
200,0.033806
200,0.040412
200,0.081602
200,0.034823
200,0.030552
200,0.259785
200,0.034003
200,0.039725
200,0.078412
200,0.040140
200,0.037093
200,0.079881
200,0.034068
200,0.195634
200,0.038514
200,0.038195
200,0.149499
200,0.043975
200,0.040626
200,0.047657
200,0.036770
200,0.108827
200,0.040429
200,0.044630
200,0.129709
200,0.043049
200,0.045039
200,0.038173
200,0.040099
200,0.155224
200,0.042903
200,0.190786
200,0.075316
200,0.043209
200,0.042357
200,0.044817
200,0.069118
200,0.074757
200,0.039321
200,0.034319
200,0.078328
200,0.044784
200,0.054916
200,0.041986
200,0.045422
200,0.040410
200,0.038848
200,0.248399
200,0.040540
200,0.038408
200,0.144752
200,0.043563
200,0.044722
200,0.047382
200,0.040602
200,0.040350
200,0.038087
200,0.042169
200,0.130749
200,0.044335
200,0.039842
200,0.132902
200,0.035534
200,0.041219
200,0.051595
200,0.037508
200,0.027495
200,0.046158
200,0.039975
200,0.076474
200,0.038626
200,0.036902
200,0.116888
200,0.041099
200,0.044561
200,0.038570
200,0.042910
200,0.063770
200,0.041337
200,0.039291
200,0.145362
200,0.039363
200,0.040842
200,0.142469
200,0.038778
200,0.041488
200,0.034474
200,0.046469
200,0.087459
200,0.043906
200,0.044158
200,0.072736
200,0.042833
200,0.044577
200,0.048388
200,0.039995
200,0.091963
200,0.048175
200,0.037570
200,0.128171
200,0.043020
200,0.044567
200,0.147611
200,0.040024
200,0.088650
200,0.049617
200,0.048153
200,0.080798
200,0.043107
200,0.272393
200,0.084192
200,0.043351
200,0.039644
200,0.129887
200,0.043901
200,0.042577
200,0.037825
200,0.044877
200,0.030773
200,0.040322
200,0.040964
200,0.080340
200,0.085960
200,0.044502
200,0.143213
200,0.047089
200,0.047868
200,0.041877
200,0.037708
200,0.043401
200,0.048038
200,0.091297
200,0.042266
200,0.044759
200,0.047155
200,0.037478
200,0.048901
200,0.042505
200,0.045779
200,0.130087
200,0.367329
200,0.046561
200,0.143994
200,0.043095
200,0.047398
200,0.050729
200,0.043676
200,0.089693
200,0.047562
200,0.040117
200,0.049659
200,0.034206
200,0.088953
200,0.040781
200,0.032144
200,0.157172
200,0.034082
200,0.035545
200,0.075256
200,0.035740
200,0.057924
200,0.033668
200,0.034448
200,0.082032
200,0.037035
200,0.040178
200,0.131713
200,0.039758
200,0.034681
200,0.020943
200,0.038899
200,0.162515
200,0.037674
200,0.038157
200,0.074224
200,0.042024
200,0.036249
200,0.040220
200,0.035396
200,0.120445
200,0.036870
200,0.035407
200,0.141853
200,0.034816
200,0.039750
200,0.074378
200,0.044798
200,0.037945
200,0.036738
200,0.042988
200,0.089337
200,0.038897
200,0.037236
200,0.147644
200,0.036534
200,0.033575
200,0.076043
200,0.040566
200,0.044370
200,0.050141
200,0.037771
200,0.095433
200,0.043910
200,0.042246
200,0.081824
200,0.043431
200,0.043977
200,0.127181
200,0.036134
200,0.040720
200,0.034505
200,0.044682
200,0.065814
200,0.048318
200,0.042111
200,0.082560
200,0.037614
200,0.039648
200,0.070980
200,0.037891
200,0.045200
200,0.045869
200,0.034333
200,0.044912
200,0.044379
200,0.040081
200,0.083595
200,0.044334
200,0.043706
200,0.136347
200,0.040820
200,0.038108
200,0.042905
200,0.039184
200,0.073944
200,0.073354
200,0.039395
