timestamp,http_status,time_total
1789491191.637,200,0.011635
1789491192.659,200,0.044911
1789491193.710,200,0.056044
1789491194.771,200,0.048597
1789491195.825,200,0.043788
1789491196.879,200,0.055204
1789491197.944,200,0.029122
1789491198.984,200,0.061176
1789491200.060,200,0.049002
1789491201.123,200,0.041924
1789491202.174,200,0.051796
1789491203.238,200,0.042161
1789491204.289,200,0.052108
1789491205.356,200,0.040346
1789491206.409,200,0.048655
1789491207.469,200,0.052824
1789491208.532,200,0.063078
1789491209.609,200,0.049795
1789491210.671,200,0.046953
1789491211.733,200,0.043596
1789491212.789,200,0.055137
1789491213.859,200,0.044156
1789491214.915,200,0.066570
1789491215.990,200,0.038386
1789491217.041,200,0.050540
1789491218.098,200,0.051444
1789491219.159,200,0.045259
1789491220.218,200,0.051061
1789491221.287,200,0.042926
1789491222.341,200,0.059994
1789491223.418,200,0.050767
1789491224.481,200,0.041770
1789491225.536,200,0.054641
1789491226.597,200,0.040130
1789491227.648,200,0.037224
1789491228.694,200,0.055966
1789491229.757,200,0.042526
1789491230.824,200,0.033593
1789491231.871,200,0.047256
1789491232.930,200,0.039450
1789491233.979,200,0.046534
1789491235.039,200,0.047955
1789491236.100,200,0.042475
1789491237.150,200,0.045341
1789491238.206,200,0.041292
1789491239.256,200,0.035259
1789491240.298,200,0.021265
1789491241.333,200,0.052462
1789491242.400,200,0.048377
1789491243.458,200,0.047024
1789491244.518,200,0.046853
1789491245.577,200,0.033302
1789491246.619,200,0.057447
1789491247.688,200,0.043364
1789491248.743,200,0.058075
1789491249.813,200,0.079666
1789491250.898,200,0.044472
1789491251.949,200,0.056267
1789491253.018,200,0.038464
1789491254.066,200,0.052526
1789491255.136,200,0.034632
1789491256.188,200,0.061664
1789491257.264,200,0.053879
1789491258.331,200,0.047298
1789491259.389,200,0.050215
1789491260.448,200,0.051302
1789491261.509,200,0.058434
1789491262.578,200,0.045290
1789491263.635,200,0.041027
1789491264.692,200,0.051365
1789491265.756,200,0.040595
1789491266.812,200,0.039666
1789491267.857,200,0.041070
1789491268.910,200,0.036324
1789491269.957,200,0.049539
1789491271.012,200,0.046070
1789491272.073,200,0.053509
1789491273.140,200,0.039447
1789491274.199,200,0.045539
1789491275.256,200,0.041833
1789491276.312,200,0.034984
1789491277.358,200,0.053450
1789491278.417,200,0.026174
1789491279.453,200,0.052517
1789491280.521,200,0.035515
1789491281.573,200,0.054908
1789491282.641,200,0.045409
1789491283.702,200,0.042772
1789491284.755,200,0.051420
1789491285.821,200,0.027867
1789491286.861,200,0.059149
1789491287.932,200,0.046686
1789491288.996,200,0.036953
1789491290.043,200,0.067771
1789491291.117,200,0.045235
1789491292.174,200,0.053746
1789491293.241,200,0.044789
1789491294.293,200,0.044870
1789491295.352,200,0.043837
1789491296.407,200,0.036357
1789491297.454,200,0.060584
1789491298.526,200,0.040902
1789491299.576,200,0.059214
1789491300.647,200,0.053668
1789491301.707,200,0.046569
1789491302.764,200,0.049896
1789491303.831,200,0.026025
1789491304.863,200,0.058412
1789491305.937,200,0.041526
1789491306.992,200,0.058619
1789491308.062,200,0.047627
1789491309.123,200,0.042194
1789491310.178,200,0.045149
1789491311.235,200,0.037925
1789491312.285,200,0.061872
1789491313.358,200,0.042558
1789491314.407,200,0.041302
1789491315.457,200,0.045387
1789491316.517,200,0.038361
1789491317.570,200,0.059098
1789491318.639,200,0.047372
1789491319.705,200,0.060458
1789491320.777,200,0.052561
1789491321.839,200,0.038634
1789491322.889,200,0.046925
1789491323.953,200,0.036144
1789491325.004,200,0.079862
1789491326.090,200,0.052366
1789491327.153,200,0.026238
1789491328.189,200,0.050023
1789491329.248,200,0.050985
1789491330.306,200,0.048426
1789491331.378,200,0.049962
1789491332.442,200,0.042759
1789491333.496,200,0.048867
1789491334.559,200,0.040411
1789491335.611,200,0.057122
1789491336.677,200,0.047288
1789491337.741,200,0.053009
1789491338.808,200,0.057477
1789491339.881,200,0.070424
1789491340.958,200,0.055983
1789491342.024,200,0.036024
1789491343.073,200,0.044053
1789491344.131,200,0.052824
1789491345.197,200,0.039121
1789491346.245,200,0.061404
1789491347.315,200,0.038672
1789491348.370,200,0.055458
1789491349.439,200,0.044207
1789491350.493,200,0.046032
1789491351.546,200,0.052011
1789491352.614,200,0.046393
1789491353.677,200,0.040118
1789491354.724,200,0.057398
1789491355.791,200,0.048401
1789491356.853,200,0.049677
1789491357.915,200,0.046859
1789491358.980,200,0.038915
1789491360.032,200,0.062606
1789491361.106,200,0.047658
1789491362.161,200,0.043961
1789491363.225,200,0.057299
1789491364.298,200,0.037389
1789491365.342,200,0.063631
1789491366.418,200,0.049765
1789491367.481,200,0.034623
1789491368.526,200,0.050579
1789491369.588,200,0.035125
1789491370.634,200,0.048476
1789491371.691,200,0.034192
1789491372.733,200,0.046334
1789491373.788,200,0.039917
1789491374.841,200,0.045867
1789491375.897,200,0.050119
1789491376.957,200,0.058550
1789491378.026,200,0.078184
1789491379.111,200,0.027391
1789491380.149,200,0.059945
1789491381.219,200,0.044174
1789491382.272,200,0.046036
1789491383.327,200,0.053693
1789491384.393,200,0.023364
1789491385.422,200,0.060301
1789491386.500,200,0.041959
1789491387.551,200,0.043763
1789491388.601,200,0.045955
1789491389.665,200,0.045150
1789491390.720,200,0.048669
1789491391.786,200,0.042548
1789491392.839,200,0.038173
1789491393.888,200,0.048199
1789491394.953,200,0.037550
1789491396.000,200,0.057485
1789491397.070,200,0.039846
1789491398.123,200,0.058394
1789491399.192,200,0.043495
1789491400.246,200,0.037816
1789491401.296,200,0.057149
1789491402.364,200,0.037894
1789491403.411,200,0.053417
1789491404.477,200,0.048186
1789491405.538,200,0.032649
1789491406.577,200,0.060805
1789491407.653,200,0.040628
1789491408.710,200,0.050133
1789491409.771,200,0.042808
1789491410.825,200,0.060293
1789491411.896,200,0.045642
1789491412.952,200,0.040849
1789491414.002,200,0.059382
1789491415.074,200,0.037069
1789491416.123,200,0.058891
1789491417.192,200,0.038969
1789491418.243,200,0.035623
1789491419.291,200,0.082401
1789491420.380,200,0.026234
1789491421.428,200,0.056203
1789491422.503,200,0.045404
1789491423.560,200,0.059195
1789491424.627,200,0.044254
1789491425.689,200,0.055465
1789491426.756,200,0.055997
1789491427.825,200,0.043833
1789491428.881,200,0.046146
1789491429.942,200,0.046710
1789491430.994,200,0.044831
1789491432.050,200,0.055032
1789491433.120,200,0.045207
1789491434.171,200,0.058502
1789491435.246,200,0.041981
1789491436.300,200,0.056492
1789491437.371,200,0.050051
1789491438.431,200,0.035635
1789491439.483,200,0.057029
1789491440.552,200,0.066273
1789491441.625,200,0.054248
1789491442.691,200,0.052988
1789491443.755,200,0.037037
1789491444.807,200,0.051462
1789491445.875,200,0.037785
1789491446.924,200,0.046480
1789491447.982,200,0.044335
1789491449.035,200,0.038740
1789491450.084,200,0.055991
1789491451.153,200,0.045138
1789491452.213,200,0.042086
1789491453.268,200,0.064841
1789491454.339,200,0.050533
1789491455.396,200,0.062886
1789491456.476,200,0.047511
1789491457.533,200,0.028575
1789491458.568,200,0.059035
1789491459.641,200,0.042004
1789491460.696,200,0.055864
1789491461.762,200,0.055223
1789491462.831,200,0.047555
1789491463.895,200,0.040584
1789491464.950,200,0.042525
1789491466.001,200,0.037300
1789491467.047,200,0.049662
1789491468.109,200,0.054496
1789491469.170,200,0.049351
1789491470.233,200,0.048691
1789491471.291,200,0.049386
1789491472.347,200,0.051043
1789491473.410,200,0.044640
1789491474.468,200,0.056860
1789491475.542,200,0.049073
1789491476.605,200,0.032064
1789491477.646,200,0.046335
1789491478.700,200,0.034213
1789491479.743,200,0.043634
1789491480.799,200,0.040458
1789491481.849,200,0.028991
1789491482.885,200,0.023038
1789491483.926,200,0.050633
1789491484.987,200,0.081815
1789491486.075,200,0.055416
1789491487.145,200,0.046649
1789491488.205,200,0.036904
1789491489.254,200,0.052826
1789491490.316,200,0.034750
1789491491.361,200,0.059134
1789491492.433,200,0.043846
1789491493.484,200,0.057936
1789491494.556,200,0.039247
1789491495.615,200,0.052458
1789491496.682,200,0.038135
1789491497.737,200,0.041841
1789491498.789,200,0.053462
1789491499.856,200,0.063748
1789491500.925,200,0.055040
1789491501.996,200,0.041592
1789491503.051,200,0.040213
1789491504.098,200,0.051438
1789491505.165,200,0.028603
1789491506.204,200,0.056682
1789491507.271,200,0.037692
1789491508.328,200,0.038925
1789491509.393,200,0.043160
1789491510.447,200,0.041436
1789491511.498,200,0.056446
1789491512.567,200,0.036445
1789491513.615,200,0.059790
1789491514.688,200,0.047835
1789491515.750,200,0.044093
1789491516.804,200,0.047401
1789491517.870,200,0.047008
1789491518.928,200,0.058782
1789491520.006,200,0.066631
1789491521.084,200,0.056374
1789491522.152,200,0.048335
1789491523.208,200,0.091624
1789491524.306,200,0.057885
1789491525.375,200,0.063664
1789491526.450,200,0.051096
1789491527.510,200,0.058900
1789491528.587,200,0.064092
1789491529.663,200,0.059772
1789491530.735,200,0.051772
1789491531.798,200,0.052802
1789491532.865,200,0.038411
1789491533.912,200,0.064086
1789491534.989,200,0.058813
1789491536.061,200,0.050142
1789491537.119,200,0.051747
1789491538.181,200,0.059954
1789491539.258,200,0.056453
1789491540.323,200,0.051611
1789491541.389,200,0.056655
1789491542.464,200,0.053781
1789491543.533,200,0.053061
1789491544.600,200,0.058219
1789491545.674,200,0.055935
1789491546.740,200,0.051074
1789491547.798,200,0.063442
1789491548.878,200,0.060271
1789491549.950,200,0.042804
1789491551.001,200,0.057798
1789491552.073,200,0.051456
1789491553.139,200,0.053609
1789491554.211,200,0.051570
1789491555.275,200,0.062674
1789491556.352,200,0.045035
1789491557.415,200,0.058069
1789491558.483,200,0.060078
1789491559.555,200,0.032718
1789491560.607,200,0.053227
1789491561.672,200,0.056457
1789491562.747,200,0.054646
1789491563.812,200,0.042245
1789491564.861,200,0.060078
1789491565.935,200,0.041490
1789491566.987,200,0.060966
1789491568.060,200,0.055777
1789491569.124,200,0.040247
1789491570.176,200,0.053490
1789491571.242,200,0.062319
1789491572.312,200,0.053795
1789491573.380,200,0.053592
1789491574.447,200,0.061524
1789491575.521,200,0.063455
1789491576.600,200,0.061090
1789491577.677,200,0.050232
1789491578.742,200,0.064404
1789491579.816,200,0.053193
1789491580.877,200,0.053648
1789491581.949,200,0.063482
1789491583.024,200,0.057312
1789491584.087,200,0.060715
1789491585.159,200,0.040379
1789491586.209,200,0.069431
1789491587.286,200,0.052477
1789491588.351,200,0.061614
1789491589.427,200,0.108475
1789491590.544,200,0.063639
1789491591.621,200,0.057865
1789491592.692,200,0.035525
1789491593.734,200,0.059697
1789491594.807,200,0.071254
1789491595.884,200,0.052205
1789491596.947,200,0.063257
1789491598.021,200,0.048413
1789491599.081,200,0.054974
1789491600.148,200,0.051090
1789491601.208,200,0.051943
1789491602.273,200,0.058613
1789491603.344,200,0.044196
1789491604.403,200,0.050002
1789491605.469,200,0.063278
1789491606.549,200,0.038061
1789491607.593,200,0.062785
1789491608.674,200,0.054171
1789491609.740,200,0.044627
1789491610.791,200,0.060507
1789491611.862,200,0.042347
1789491612.914,200,0.049052
1789491613.969,200,0.062416
1789491615.051,200,0.040542
1789491616.108,200,0.065656
1789491617.190,200,0.054370
1789491618.256,200,0.057420
1789491619.322,200,0.040115
1789491620.368,200,0.056572
1789491621.437,200,0.039410
1789491622.485,200,0.057185
1789491623.553,200,0.052109
1789491624.622,200,0.038401
1789491625.676,200,0.051117
1789491626.746,200,0.058884
1789491627.814,200,0.037629
1789491628.861,200,0.065374
1789491629.939,200,0.060555
1789491631.019,200,0.045536
1789491632.077,200,0.053717
1789491633.140,200,0.056746
1789491634.204,200,0.044343
1789491635.259,200,0.051629
1789491636.320,200,0.059505
1789491637.393,200,0.059733
1789491638.462,200,0.098191
1789491639.566,200,0.058797
1789491640.636,200,0.050265
1789491641.705,200,0.036231
1789491642.753,200,0.054685
1789491643.825,200,0.060281
1789491644.898,200,0.043445
1789491645.953,200,0.062605
1789491647.028,200,0.056116
1789491648.099,200,0.051734
1789491649.167,200,0.058803
1789491650.238,200,0.061789
1789491651.310,200,0.058882
1789491652.377,200,0.080683
1789491653.465,200,0.058075
1789491654.536,200,0.057944
1789491655.604,200,0.041254
1789491656.654,200,0.060632
1789491657.729,200,0.051952
1789491658.792,200,0.053892
1789491659.859,200,0.038542
1789491660.909,200,0.057741
1789491661.982,200,0.056976
1789491663.052,200,0.053890
1789491664.126,200,0.050930
1789491665.195,200,0.060459
1789491666.270,200,0.055870
1789491667.340,200,0.053535
1789491668.412,200,0.052702
1789491669.480,200,0.064258
1789491670.550,200,0.035939
1789491671.607,200,0.039247
1789491672.663,200,0.031710
1789491673.704,200,0.053093
1789491674.766,200,0.037401
1789491675.815,200,0.049960
1789491676.877,200,0.039093
1789491677.927,200,0.040660
1789491678.986,200,0.042206
1789491680.043,200,0.048084
1789491681.107,200,0.045568
1789491682.162,200,0.041442
1789491683.215,200,0.042652
1789491684.268,200,0.056978
1789491685.331,200,0.045283
1789491686.389,200,0.045110
1789491687.446,200,0.038937
1789491688.495,200,0.046998
1789491689.553,200,0.039406
1789491690.610,200,0.039818
1789491691.660,200,0.075684
1789491692.742,200,0.044073
1789491693.800,200,0.041819
1789491694.858,200,0.046859
1789491695.916,200,0.042205
1789491696.970,200,0.043323
1789491698.032,200,0.037783
1789491699.080,200,0.060087
1789491700.149,200,0.043817
1789491701.206,200,0.041663
1789491702.261,200,0.036697
1789491703.316,200,0.046865
1789491704.372,200,0.041810
1789491705.429,200,0.041526
1789491706.481,200,0.059969
1789491707.550,200,0.039625
1789491708.604,200,0.038699
1789491709.653,200,0.043742
1789491710.703,200,0.038109
1789491711.755,200,0.045478
1789491712.817,200,0.044959
1789491713.875,200,0.054493
1789491714.936,200,0.040319
1789491715.989,200,0.047708
1789491717.048,200,0.047570
1789491718.104,200,0.046407
1789491719.160,200,0.037292
1789491720.207,200,0.037517
1789491721.253,200,0.048962
1789491722.313,200,0.046910
1789491723.370,200,0.039562
1789491724.418,200,0.040522
1789491725.465,200,0.048545
1789491726.528,200,0.039074
1789491727.578,200,0.046002
1789491728.634,200,0.040835
1789491729.689,200,0.048096
1789491730.748,200,0.042611
1789491731.802,200,0.046787
1789491732.856,200,0.046488
1789491733.913,200,0.039716
1789491734.964,200,0.044937
1789491736.025,200,0.047762
1789491737.080,200,0.038993
1789491738.131,200,0.047207
1789491739.193,200,0.046455
1789491740.245,200,0.040436
1789491741.295,200,0.044064
1789491742.356,200,0.041614
1789491743.408,200,0.046894
1789491744.465,200,0.048248
1789491745.525,200,0.038465
1789491746.572,200,0.046176
1789491747.625,200,0.047014
1789491748.682,200,0.043943
1789491749.735,200,0.037908
1789491750.787,200,0.052260
1789491751.855,200,0.038722
1789491752.904,200,0.038369
1789491753.953,200,0.041693
1789491755.002,200,0.041122
1789491756.057,200,0.045752
1789491757.119,200,0.046152
1789491758.177,200,0.046529
1789491759.239,200,0.041748
1789491760.291,200,0.043406
1789491761.348,200,0.040183
1789491762.397,200,0.047235
1789491763.454,200,0.044393
1789491764.511,200,0.040691
1789491765.568,200,0.058452
1789491766.638,200,0.043264
1789491767.692,200,0.043087
1789491768.745,200,0.040543
1789491769.792,200,0.048320
1789491770.854,200,0.045727
1789491771.912,200,0.039149
1789491772.962,200,0.049350
1789491774.024,200,0.046426
1789491775.085,200,0.039949
1789491776.135,200,0.037553
1789491777.181,200,0.046630
1789491778.247,200,0.045978
1789491779.307,200,0.046493
1789491780.369,200,0.044428
1789491781.424,200,0.043849
1789491782.485,200,0.047768
1789491783.541,200,0.038502
1789491784.587,200,0.046158
1789491785.646,200,0.045585
1789491786.705,200,0.044371
1789491787.762,200,0.054750
1789491788.830,200,0.043956
1789491789.881,200,0.039662
1789491790.928,200,0.094741
1789491792.030,200,0.002187
1789491793.050,200,0.006470
1789491794.069,200,0.006176
1789491795.088,000,0.000139
